"";"ano";"Codigo";"Sigla";"Estado";"região";"homicidios";"população";"homicidios_100khabitantes"
"1";"1980";"11";"RO";"Rondônia";"norte";119;491025;24,24
"2";"1980";"12";"AC";"Acre";"norte";25;301276;8,3
"3";"1980";"13";"AM";"Amazonas";"norte";138;1430528;9,65
"4";"1980";"14";"RR";"Roraima";"norte";11;79121;13,9
"5";"1980";"15";"PA";"Pará";"norte";303;3403498;8,9
"6";"1980";"16";"AP";"Amapá";"norte";7;175258;3,99
"7";"1980";"17";"TO";"Tocantins";"norte";NA;0;NA
"8";"1980";"21";"MA";"Maranhão";"nordeste";109;3996444;2,73
"9";"1980";"22";"PI";"Piauí";"nordeste";52;2139196;2,43
"10";"1980";"23";"CE";"Ceará";"nordeste";441;5288429;8,34
"11";"1980";"24";"RN";"Rio Grande do Norte";"nordeste";169;1898835;8,9
"12";"1980";"25";"PB";"Paraíba";"nordeste";299;2770346;10,79
"13";"1980";"26";"PE";"Pernambuco";"nordeste";1120;6143503;18,23
"14";"1980";"27";"AL";"Alagoas";"nordeste";283;1982915;14,27
"15";"1980";"28";"SE";"Sergipe";"nordeste";82;1140379;7,19
"16";"1980";"29";"BA";"Bahia";"nordeste";306;9455392;3,24
"17";"1980";"31";"MG";"Minas Gerais";"sudeste";1159;13380105;8,66
"18";"1980";"32";"ES";"Espírito Santo";"sudeste";305;2023338;15,07
"19";"1980";"33";"RJ";"Rio de Janeiro";"sudeste";2946;11291631;26,09
"20";"1980";"35";"SP";"São Paulo";"sudeste";3452;25042074;13,78
"21";"1980";"41";"PR";"Paraná";"sul";818;7629849;10,72
"22";"1980";"42";"SC";"Santa Catarina";"sul";243;3628292;6,7
"23";"1980";"43";"RS";"Rio Grande do Sul";"sul";632;7773849;8,13
"24";"1980";"50";"MS";"Mato Grosso do Sul";"centro-oeste";226;1369769;16,5
"25";"1980";"51";"MT";"Mato Grosso";"centro-oeste";35;1138918;3,07
"26";"1980";"52";"GO";"Goiás";"centro-oeste";453;3860174;11,74
"27";"1980";"53";"DF";"Distrito Federal";"centro-oeste";144;1176908;12,24
"28";"1981";"11";"RO";"Rondônia";"norte";129;540684;23,86
"29";"1981";"12";"AC";"Acre";"norte";27;310305;8,7
"30";"1981";"13";"AM";"Amazonas";"norte";136;1482142;9,18
"31";"1981";"14";"RR";"Roraima";"norte";16;89863;17,8
"32";"1981";"15";"PA";"Pará";"norte";339;3522990;9,62
"33";"1981";"16";"AP";"Amapá";"norte";16;184083;8,69
"34";"1981";"17";"TO";"Tocantins";"norte";NA;752879;NA
"35";"1981";"21";"MA";"Maranhão";"nordeste";139;4068616;3,42
"36";"1981";"22";"PI";"Piauí";"nordeste";79;2173286;3,64
"37";"1981";"23";"CE";"Ceará";"nordeste";496;5371642;9,23
"38";"1981";"24";"RN";"Rio Grande do Norte";"nordeste";171;1938181;8,82
"39";"1981";"25";"PB";"Paraíba";"nordeste";343;2803499;12,23
"40";"1981";"26";"PE";"Pernambuco";"nordeste";1407;6219407;22,62
"41";"1981";"27";"AL";"Alagoas";"nordeste";389;2023691;19,22
"42";"1981";"28";"SE";"Sergipe";"nordeste";99;1167321;8,48
"43";"1981";"29";"BA";"Bahia";"nordeste";311;9640986;3,23
"44";"1981";"31";"MG";"Minas Gerais";"sudeste";1089;13561400;8,03
"45";"1981";"32";"ES";"Espírito Santo";"sudeste";354;2067979;17,12
"46";"1981";"33";"RJ";"Rio de Janeiro";"sudeste";2508;11408762;21,98
"47";"1981";"35";"SP";"São Paulo";"sudeste";4187;25547066;16,39
"48";"1981";"41";"PR";"Paraná";"sul";925;7692748;12,02
"49";"1981";"42";"SC";"Santa Catarina";"sul";269;3698615;7,27
"50";"1981";"43";"RS";"Rio Grande do Sul";"sul";650;7879376;8,25
"51";"1981";"50";"MS";"Mato Grosso do Sul";"centro-oeste";257;1401333;18,34
"52";"1981";"51";"MT";"Mato Grosso";"centro-oeste";76;1207399;6,29
"53";"1981";"52";"GO";"Goiás";"centro-oeste";550;3190172;17,24
"54";"1981";"53";"DF";"Distrito Federal";"centro-oeste";177;1209734;14,63
"55";"1982";"11";"RO";"Rondônia";"norte";124;601105;20,63
"56";"1982";"12";"AC";"Acre";"norte";41;321268;12,76
"57";"1982";"13";"AM";"Amazonas";"norte";156;1545533;10,09
"58";"1982";"14";"RR";"Roraima";"norte";28;102898;27,21
"59";"1982";"15";"PA";"Pará";"norte";365;3668640;9,95
"60";"1982";"16";"AP";"Amapá";"norte";24;194832;12,32
"61";"1982";"17";"TO";"Tocantins";"norte";NA;769921;NA
"62";"1982";"21";"MA";"Maranhão";"nordeste";139;4156556;3,34
"63";"1982";"22";"PI";"Piauí";"nordeste";120;2215014;5,42
"64";"1982";"23";"CE";"Ceará";"nordeste";493;5473194;9,01
"65";"1982";"24";"RN";"Rio Grande do Norte";"nordeste";196;1986904;9,86
"66";"1982";"25";"PB";"Paraíba";"nordeste";323;2844081;11,36
"67";"1982";"26";"PE";"Pernambuco";"nordeste";1511;6312125;23,94
"68";"1982";"27";"AL";"Alagoas";"nordeste";430;2073743;20,74
"69";"1982";"28";"SE";"Sergipe";"nordeste";118;1200446;9,83
"70";"1982";"29";"BA";"Bahia";"nordeste";494;9868279;5,01
"71";"1982";"31";"MG";"Minas Gerais";"sudeste";1099;13784075;7,97
"72";"1982";"32";"ES";"Espírito Santo";"sudeste";359;2122341;16,92
"73";"1982";"33";"RJ";"Rio de Janeiro";"sudeste";2170;11551541;18,79
"74";"1982";"35";"SP";"São Paulo";"sudeste";4183;26163713;15,99
"75";"1982";"41";"PR";"Paraná";"sul";1078;7769903;13,87
"76";"1982";"42";"SC";"Santa Catarina";"sul";266;3784692;7,03
"77";"1982";"43";"RS";"Rio Grande do Sul";"sul";685;8007902;8,55
"78";"1982";"50";"MS";"Mato Grosso do Sul";"centro-oeste";270;1440019;18,75
"79";"1982";"51";"MT";"Mato Grosso";"centro-oeste";62;1291073;4,8
"80";"1982";"52";"GO";"Goiás";"centro-oeste";542;3274754;16,55
"81";"1982";"53";"DF";"Distrito Federal";"centro-oeste";214;1249677;17,12
"82";"1983";"11";"RO";"Rondônia";"norte";143;661736;21,61
"83";"1983";"12";"AC";"Acre";"norte";32;332269;9,63
"84";"1983";"13";"AM";"Amazonas";"norte";152;1609143;9,45
"85";"1983";"14";"RR";"Roraima";"norte";19;115979;16,38
"86";"1983";"15";"PA";"Pará";"norte";467;3814793;12,24
"87";"1983";"16";"AP";"Amapá";"norte";24;205617;11,67
"88";"1983";"17";"TO";"Tocantins";"norte";NA;787023;NA
"89";"1983";"21";"MA";"Maranhão";"nordeste";155;4244801;3,65
"90";"1983";"22";"PI";"Piauí";"nordeste";136;2256887;6,03
"91";"1983";"23";"CE";"Ceará";"nordeste";609;5575098;10,92
"92";"1983";"24";"RN";"Rio Grande do Norte";"nordeste";173;2035795;8,5
"93";"1983";"25";"PB";"Paraíba";"nordeste";360;2884802;12,48
"94";"1983";"26";"PE";"Pernambuco";"nordeste";1645;6405164;25,68
"95";"1983";"27";"AL";"Alagoas";"nordeste";558;2123968;26,27
"96";"1983";"28";"SE";"Sergipe";"nordeste";102;1233685;8,27
"97";"1983";"29";"BA";"Bahia";"nordeste";372;10096357;3,68
"98";"1983";"31";"MG";"Minas Gerais";"sudeste";1013;14007518;7,23
"99";"1983";"32";"ES";"Espírito Santo";"sudeste";368;2176892;16,9
"100";"1983";"33";"RJ";"Rio de Janeiro";"sudeste";1861;11694814;15,91
"101";"1983";"35";"SP";"São Paulo";"sudeste";5836;26782488;21,79
"102";"1983";"41";"PR";"Paraná";"sul";1141;7847325;14,54
"103";"1983";"42";"SC";"Santa Catarina";"sul";320;3871066;8,27
"104";"1983";"43";"RS";"Rio Grande do Sul";"sul";658;8136872;8,09
"105";"1983";"50";"MS";"Mato Grosso do Sul";"centro-oeste";313;1478838;21,17
"106";"1983";"51";"MT";"Mato Grosso";"centro-oeste";142;1375036;10,33
"107";"1983";"52";"GO";"Goiás";"centro-oeste";545;3359628;16,22
"108";"1983";"53";"DF";"Distrito Federal";"centro-oeste";188;1289758;14,58
"109";"1984";"11";"RO";"Rondônia";"norte";213;722207;29,49
"110";"1984";"12";"AC";"Acre";"norte";36;343240;10,49
"111";"1984";"13";"AM";"Amazonas";"norte";210;1672586;12,56
"112";"1984";"14";"RR";"Roraima";"norte";17;129025;13,18
"113";"1984";"15";"PA";"Pará";"norte";520;3960563;13,13
"114";"1984";"16";"AP";"Amapá";"norte";26;216375;12,02
"115";"1984";"17";"TO";"Tocantins";"norte";NA;804080;NA
"116";"1984";"21";"MA";"Maranhão";"nordeste";184;4332814;4,25
"117";"1984";"22";"PI";"Piauí";"nordeste";100;2298649;4,35
"118";"1984";"23";"CE";"Ceará";"nordeste";590;5676734;10,39
"119";"1984";"24";"RN";"Rio Grande do Norte";"nordeste";133;2084558;6,38
"120";"1984";"25";"PB";"Paraíba";"nordeste";382;2925417;13,06
"121";"1984";"26";"PE";"Pernambuco";"nordeste";1862;6497958;28,66
"122";"1984";"27";"AL";"Alagoas";"nordeste";543;2174062;24,98
"123";"1984";"28";"SE";"Sergipe";"nordeste";62;1266837;4,89
"124";"1984";"29";"BA";"Bahia";"nordeste";507;10323837;4,91
"125";"1984";"31";"MG";"Minas Gerais";"sudeste";1129;14230376;7,93
"126";"1984";"32";"ES";"Espírito Santo";"sudeste";405;2231299;18,15
"127";"1984";"33";"RJ";"Rio de Janeiro";"sudeste";2463;11837711;20,81
"128";"1984";"35";"SP";"São Paulo";"sudeste";7063;27399638;25,78
"129";"1984";"41";"PR";"Paraná";"sul";1059;7924544;13,36
"130";"1984";"42";"SC";"Santa Catarina";"sul";293;3957214;7,4
"131";"1984";"43";"RS";"Rio Grande do Sul";"sul";679;8265504;8,21
"132";"1984";"50";"MS";"Mato Grosso do Sul";"centro-oeste";344;1517556;22,67
"133";"1984";"51";"MT";"Mato Grosso";"centro-oeste";189;1458779;12,96
"134";"1984";"52";"GO";"Goiás";"centro-oeste";491;3444280;14,26
"135";"1984";"53";"DF";"Distrito Federal";"centro-oeste";171;1329734;12,86
"136";"1985";"11";"RO";"Rondônia";"norte";319;782482;40,77
"137";"1985";"12";"AC";"Acre";"norte";51;354176;14,4
"138";"1985";"13";"AM";"Amazonas";"norte";183;1735823;10,54
"139";"1985";"14";"RR";"Roraima";"norte";12;142029;8,45
"140";"1985";"15";"PA";"Pará";"norte";506;4105858;12,32
"141";"1985";"16";"AP";"Amapá";"norte";33;227097;14,53
"142";"1985";"17";"TO";"Tocantins";"norte";NA;821081;NA
"143";"1985";"21";"MA";"Maranhão";"nordeste";163;4420540;3,69
"144";"1985";"22";"PI";"Piauí";"nordeste";79;2340276;3,38
"145";"1985";"23";"CE";"Ceará";"nordeste";544;5778039;9,41
"146";"1985";"24";"RN";"Rio Grande do Norte";"nordeste";129;2133163;6,05
"147";"1985";"25";"PB";"Paraíba";"nordeste";381;2965900;12,85
"148";"1985";"26";"PE";"Pernambuco";"nordeste";2003;6590451;30,39
"149";"1985";"27";"AL";"Alagoas";"nordeste";518;2223992;23,29
"150";"1985";"28";"SE";"Sergipe";"nordeste";67;1299881;5,15
"151";"1985";"29";"BA";"Bahia";"nordeste";538;10550577;5,1
"152";"1985";"31";"MG";"Minas Gerais";"sudeste";1015;14452508;7,02
"153";"1985";"32";"ES";"Espírito Santo";"sudeste";456;2285529;19,95
"154";"1985";"33";"RJ";"Rio de Janeiro";"sudeste";2550;11980142;21,29
"155";"1985";"35";"SP";"São Paulo";"sudeste";7015;28014784;25,04
"156";"1985";"41";"PR";"Paraná";"sul";920;8001512;11,5
"157";"1985";"42";"SC";"Santa Catarina";"sul";262;4043082;6,48
"158";"1985";"43";"RS";"Rio Grande do Sul";"sul";673;8393718;8,02
"159";"1985";"50";"MS";"Mato Grosso do Sul";"centro-oeste";251;1556147;16,13
"160";"1985";"51";"MT";"Mato Grosso";"centro-oeste";270;1542249;17,51
"161";"1985";"52";"GO";"Goiás";"centro-oeste";467;3528656;13,23
"162";"1985";"53";"DF";"Distrito Federal";"centro-oeste";260;1369580;18,98
"163";"1986";"11";"RO";"Rondônia";"norte";376;842192;44,65
"164";"1986";"12";"AC";"Acre";"norte";62;365010;16,99
"165";"1986";"13";"AM";"Amazonas";"norte";158;1798467;8,79
"166";"1986";"14";"RR";"Roraima";"norte";12;154910;7,75
"167";"1986";"15";"PA";"Pará";"norte";588;4249793;13,84
"168";"1986";"16";"AP";"Amapá";"norte";31;237719;13,04
"169";"1986";"17";"TO";"Tocantins";"norte";NA;837923;NA
"170";"1986";"21";"MA";"Maranhão";"nordeste";251;4507445;5,57
"171";"1986";"22";"PI";"Piauí";"nordeste";107;2381513;4,49
"172";"1986";"23";"CE";"Ceará";"nordeste";522;5878395;8,88
"173";"1986";"24";"RN";"Rio Grande do Norte";"nordeste";103;2181312;4,72
"174";"1986";"25";"PB";"Paraíba";"nordeste";470;3006003;15,64
"175";"1986";"26";"PE";"Pernambuco";"nordeste";2047;6682077;30,63
"176";"1986";"27";"AL";"Alagoas";"nordeste";563;2273455;24,76
"177";"1986";"28";"SE";"Sergipe";"nordeste";78;1332616;5,85
"178";"1986";"29";"BA";"Bahia";"nordeste";536;10775194;4,97
"179";"1986";"31";"MG";"Minas Gerais";"sudeste";1030;14672561;7,02
"180";"1986";"32";"ES";"Espírito Santo";"sudeste";486;2339251;20,78
"181";"1986";"33";"RJ";"Rio de Janeiro";"sudeste";2441;12121241;20,14
"182";"1986";"35";"SP";"São Paulo";"sudeste";7195;28624170;25,14
"183";"1986";"41";"PR";"Paraná";"sul";919;8077759;11,38
"184";"1986";"42";"SC";"Santa Catarina";"sul";237;4128146;5,74
"185";"1986";"43";"RS";"Rio Grande do Sul";"sul";766;8520731;8,99
"186";"1986";"50";"MS";"Mato Grosso do Sul";"centro-oeste";289;1594377;18,13
"187";"1986";"51";"MT";"Mato Grosso";"centro-oeste";356;1624937;21,91
"188";"1986";"52";"GO";"Goiás";"centro-oeste";499;3612242;13,81
"189";"1986";"53";"DF";"Distrito Federal";"centro-oeste";264;1409053;18,74
"190";"1987";"11";"RO";"Rondônia";"norte";437;901050;48,5
"191";"1987";"12";"AC";"Acre";"norte";97;375689;25,82
"192";"1987";"13";"AM";"Amazonas";"norte";184;1860217;9,89
"193";"1987";"14";"RR";"Roraima";"norte";7;167608;4,18
"194";"1987";"15";"PA";"Pará";"norte";546;4391673;12,43
"195";"1987";"16";"AP";"Amapá";"norte";23;248190;9,27
"196";"1987";"17";"TO";"Tocantins";"norte";NA;854525;NA
"197";"1987";"21";"MA";"Maranhão";"nordeste";285;4593109;6,2
"198";"1987";"22";"PI";"Piauí";"nordeste";83;2422161;3,43
"199";"1987";"23";"CE";"Ceará";"nordeste";430;5977319;7,19
"200";"1987";"24";"RN";"Rio Grande do Norte";"nordeste";151;2228774;6,78
"201";"1987";"25";"PB";"Paraíba";"nordeste";369;3045534;12,12
"202";"1987";"26";"PE";"Pernambuco";"nordeste";2197;6772395;32,44
"203";"1987";"27";"AL";"Alagoas";"nordeste";535;2322212;23,04
"204";"1987";"28";"SE";"Sergipe";"nordeste";65;1364883;4,76
"205";"1987";"29";"BA";"Bahia";"nordeste";665;10996603;6,05
"206";"1987";"31";"MG";"Minas Gerais";"sudeste";1019;14889471;6,84
"207";"1987";"32";"ES";"Espírito Santo";"sudeste";535;2392206;22,36
"208";"1987";"33";"RJ";"Rio de Janeiro";"sudeste";3785;12260324;30,87
"209";"1987";"35";"SP";"São Paulo";"sudeste";7918;29224852;27,09
"210";"1987";"41";"PR";"Paraná";"sul";928;8152917;11,38
"211";"1987";"42";"SC";"Santa Catarina";"sul";265;4211994;6,29
"212";"1987";"43";"RS";"Rio Grande do Sul";"sul";821;8645930;9,5
"213";"1987";"50";"MS";"Mato Grosso do Sul";"centro-oeste";317;1632061;19,42
"214";"1987";"51";"MT";"Mato Grosso";"centro-oeste";376;1706445;22,03
"215";"1987";"52";"GO";"Goiás";"centro-oeste";571;3694635;15,45
"216";"1987";"53";"DF";"Distrito Federal";"centro-oeste";350;1447962;24,17
"217";"1988";"11";"RO";"Rondônia";"norte";430;958688;44,85
"218";"1988";"12";"AC";"Acre";"norte";76;386147;19,68
"219";"1988";"13";"AM";"Amazonas";"norte";227;1920688;11,82
"220";"1988";"14";"RR";"Roraima";"norte";69;180043;38,32
"221";"1988";"15";"PA";"Pará";"norte";591;4530614;13,04
"222";"1988";"16";"AP";"Amapá";"norte";21;258443;8,13
"223";"1988";"17";"TO";"Tocantins";"norte";NA;870783;NA
"224";"1988";"21";"MA";"Maranhão";"nordeste";336;4677000;7,18
"225";"1988";"22";"PI";"Piauí";"nordeste";144;2461967;5,85
"226";"1988";"23";"CE";"Ceará";"nordeste";506;6074194;8,33
"227";"1988";"24";"RN";"Rio Grande do Norte";"nordeste";198;2275253;8,7
"228";"1988";"25";"PB";"Paraíba";"nordeste";399;3084247;12,94
"229";"1988";"26";"PE";"Pernambuco";"nordeste";2239;6860843;32,63
"230";"1988";"27";"AL";"Alagoas";"nordeste";724;2369959;30,55
"231";"1988";"28";"SE";"Sergipe";"nordeste";63;1396483;4,51
"232";"1988";"29";"BA";"Bahia";"nordeste";823;11213428;7,34
"233";"1988";"31";"MG";"Minas Gerais";"sudeste";1012;15101890;6,7
"234";"1988";"32";"ES";"Espírito Santo";"sudeste";679;2444064;27,78
"235";"1988";"33";"RJ";"Rio de Janeiro";"sudeste";3054;12396527;24,64
"236";"1988";"35";"SP";"São Paulo";"sudeste";7502;29813099;25,16
"237";"1988";"41";"PR";"Paraná";"sul";993;8226519;12,07
"238";"1988";"42";"SC";"Santa Catarina";"sul";321;4294107;7,48
"239";"1988";"43";"RS";"Rio Grande do Sul";"sul";1091;8768537;12,44
"240";"1988";"50";"MS";"Mato Grosso do Sul";"centro-oeste";319;1668965;19,11
"241";"1988";"51";"MT";"Mato Grosso";"centro-oeste";370;1786265;20,71
"242";"1988";"52";"GO";"Goiás";"centro-oeste";705;3775322;18,67
"243";"1988";"53";"DF";"Distrito Federal";"centro-oeste";334;1486065;22,48
"244";"1989";"11";"RO";"Rondônia";"norte";494;1014838;48,68
"245";"1989";"12";"AC";"Acre";"norte";95;396335;23,97
"246";"1989";"13";"AM";"Amazonas";"norte";323;1979597;16,32
"247";"1989";"14";"RR";"Roraima";"norte";110;192157;57,24
"248";"1989";"15";"PA";"Pará";"norte";675;4665966;14,47
"249";"1989";"16";"AP";"Amapá";"norte";38;268432;14,16
"250";"1989";"17";"TO";"Tocantins";"norte";64;886621;7,22
"251";"1989";"21";"MA";"Maranhão";"nordeste";400;4758722;8,41
"252";"1989";"22";"PI";"Piauí";"nordeste";147;2500745;5,88
"253";"1989";"23";"CE";"Ceará";"nordeste";607;6168566;9,84
"254";"1989";"24";"RN";"Rio Grande do Norte";"nordeste";234;2320531;10,08
"255";"1989";"25";"PB";"Paraíba";"nordeste";454;3121959;14,54
"256";"1989";"26";"PE";"Pernambuco";"nordeste";2543;6947006;36,61
"257";"1989";"27";"AL";"Alagoas";"nordeste";813;2416472;33,64
"258";"1989";"28";"SE";"Sergipe";"nordeste";132;1427265;9,25
"259";"1989";"29";"BA";"Bahia";"nordeste";1074;11424650;9,4
"260";"1989";"31";"MG";"Minas Gerais";"sudeste";1197;15308819;7,82
"261";"1989";"32";"ES";"Espírito Santo";"sudeste";846;2494583;33,91
"262";"1989";"33";"RJ";"Rio de Janeiro";"sudeste";4287;12529211;34,22
"263";"1989";"35";"SP";"São Paulo";"sudeste";9180;30386139;30,21
"264";"1989";"41";"PR";"Paraná";"sul";1106;8298219;13,33
"265";"1989";"42";"SC";"Santa Catarina";"sul";349;4374098;7,98
"266";"1989";"43";"RS";"Rio Grande do Sul";"sul";1558;8887976;17,53
"267";"1989";"50";"MS";"Mato Grosso do Sul";"centro-oeste";369;1704916;21,64
"268";"1989";"51";"MT";"Mato Grosso";"centro-oeste";468;1864023;25,11
"269";"1989";"52";"GO";"Goiás";"centro-oeste";794;3853923;20,6
"270";"1989";"53";"DF";"Distrito Federal";"centro-oeste";362;1523184;23,77
"271";"1990";"11";"RO";"Rondônia";"norte";549;1069626;51,33
"272";"1990";"12";"AC";"Acre";"norte";64;406275;15,75
"273";"1990";"13";"AM";"Amazonas";"norte";367;2037078;18,02
"274";"1990";"14";"RR";"Roraima";"norte";125;203977;61,28
"275";"1990";"15";"PA";"Pará";"norte";742;4798037;15,46
"276";"1990";"16";"AP";"Amapá";"norte";45;278178;16,18
"277";"1990";"17";"TO";"Tocantins";"norte";53;902074;5,88
"278";"1990";"21";"MA";"Maranhão";"nordeste";439;4838464;9,07
"279";"1990";"22";"PI";"Piauí";"nordeste";113;2538583;4,45
"280";"1990";"23";"CE";"Ceará";"nordeste";554;6260651;8,85
"281";"1990";"24";"RN";"Rio Grande do Norte";"nordeste";203;2364712;8,58
"282";"1990";"25";"PB";"Paraíba";"nordeste";433;3158757;13,71
"283";"1990";"26";"PE";"Pernambuco";"nordeste";2746;7031080;39,06
"284";"1990";"27";"AL";"Alagoas";"nordeste";720;2461858;29,25
"285";"1990";"28";"SE";"Sergipe";"nordeste";147;1457302;10,09
"286";"1990";"29";"BA";"Bahia";"nordeste";854;11630752;7,34
"287";"1990";"31";"MG";"Minas Gerais";"sudeste";1156;15510734;7,45
"288";"1990";"32";"ES";"Espírito Santo";"sudeste";898;2543877;35,3
"289";"1990";"33";"RJ";"Rio de Janeiro";"sudeste";7095;12658679;56,05
"290";"1990";"35";"SP";"São Paulo";"sudeste";9496;30945297;30,69
"291";"1990";"41";"PR";"Paraná";"sul";1177;8368181;14,07
"292";"1990";"42";"SC";"Santa Catarina";"sul";375;4452150;8,42
"293";"1990";"43";"RS";"Rio Grande do Sul";"sul";1678;9004520;18,64
"294";"1990";"50";"MS";"Mato Grosso do Sul";"centro-oeste";353;1739995;20,29
"295";"1990";"51";"MT";"Mato Grosso";"centro-oeste";407;1939896;20,98
"296";"1990";"52";"GO";"Goiás";"centro-oeste";662;3930620;16,84
"297";"1990";"53";"DF";"Distrito Federal";"centro-oeste";485;1559403;31,1
"298";"1991";"11";"RO";"Rondônia";"norte";491;1132692;43,35
"299";"1991";"12";"AC";"Acre";"norte";105;417718;25,14
"300";"1991";"13";"AM";"Amazonas";"norte";401;2103243;19,07
"301";"1991";"14";"RR";"Roraima";"norte";78;217583;35,85
"302";"1991";"15";"PA";"Pará";"norte";812;4950060;16,4
"303";"1991";"16";"AP";"Amapá";"norte";52;289397;17,97
"304";"1991";"17";"TO";"Tocantins";"norte";93;919863;10,11
"305";"1991";"21";"MA";"Maranhão";"nordeste";455;4930253;9,23
"306";"1991";"22";"PI";"Piauí";"nordeste";111;2582137;4,3
"307";"1991";"23";"CE";"Ceará";"nordeste";615;6366647;9,66
"308";"1991";"24";"RN";"Rio Grande do Norte";"nordeste";221;2415567;9,15
"309";"1991";"25";"PB";"Paraíba";"nordeste";398;3201114;12,43
"310";"1991";"26";"PE";"Pernambuco";"nordeste";2754;7127855;38,64
"311";"1991";"27";"AL";"Alagoas";"nordeste";675;2514100;26,85
"312";"1991";"28";"SE";"Sergipe";"nordeste";322;1491876;21,58
"313";"1991";"29";"BA";"Bahia";"nordeste";581;11867991;4,9
"314";"1991";"31";"MG";"Minas Gerais";"sudeste";1211;15743152;7,69
"315";"1991";"32";"ES";"Espírito Santo";"sudeste";974;2600618;37,45
"316";"1991";"33";"RJ";"Rio de Janeiro";"sudeste";5039;12807706;39,34
"317";"1991";"35";"SP";"São Paulo";"sudeste";9671;31588925;30,62
"318";"1991";"41";"PR";"Paraná";"sul";1226;8448713;14,51
"319";"1991";"42";"SC";"Santa Catarina";"sul";355;4541994;7,82
"320";"1991";"43";"RS";"Rio Grande do Sul";"sul";1685;9138670;18,44
"321";"1991";"50";"MS";"Mato Grosso do Sul";"centro-oeste";391;1780373;21,96
"322";"1991";"51";"MT";"Mato Grosso";"centro-oeste";450;2027231;22,2
"323";"1991";"52";"GO";"Goiás";"centro-oeste";811;4018903;20,18
"324";"1991";"53";"DF";"Distrito Federal";"centro-oeste";533;1601094;33,29
"325";"1992";"11";"RO";"Rondônia";"norte";398;1150512;34,59
"326";"1992";"12";"AC";"Acre";"norte";106;429683;24,67
"327";"1992";"13";"AM";"Amazonas";"norte";349;2155090;16,19
"328";"1992";"14";"RR";"Roraima";"norte";94;222939;42,16
"329";"1992";"15";"PA";"Pará";"norte";762;5051708;15,08
"330";"1992";"16";"AP";"Amapá";"norte";73;305722;23,88
"331";"1992";"17";"TO";"Tocantins";"norte";67;943205;7,1
"332";"1992";"21";"MA";"Maranhão";"nordeste";415;4983237;8,33
"333";"1992";"22";"PI";"Piauí";"nordeste";95;2598639;3,66
"334";"1992";"23";"CE";"Ceará";"nordeste";544;6446971;8,44
"335";"1992";"24";"RN";"Rio Grande do Norte";"nordeste";198;2441504;8,11
"336";"1992";"25";"PB";"Paraíba";"nordeste";341;3220056;10,59
"337";"1992";"26";"PE";"Pernambuco";"nordeste";2533;7177026;35,29
"338";"1992";"27";"AL";"Alagoas";"nordeste";592;2535713;23,35
"339";"1992";"28";"SE";"Sergipe";"nordeste";463;1515856;30,54
"340";"1992";"29";"BA";"Bahia";"nordeste";825;11990115;6,88
"341";"1992";"31";"MG";"Minas Gerais";"sudeste";1103;15911713;6,93
"342";"1992";"32";"ES";"Espírito Santo";"sudeste";839;2637248;31,81
"343";"1992";"33";"RJ";"Rio de Janeiro";"sudeste";4516;12916221;34,96
"344";"1992";"35";"SP";"São Paulo";"sudeste";9022;32047865;28,15
"345";"1992";"41";"PR";"Paraná";"sul";1091;8549328;12,76
"346";"1992";"42";"SC";"Santa Catarina";"sul";347;4602398;7,54
"347";"1992";"43";"RS";"Rio Grande do Sul";"sul";1560;9229120;16,9
"348";"1992";"50";"MS";"Mato Grosso do Sul";"centro-oeste";423;1807102;23,41
"349";"1992";"51";"MT";"Mato Grosso";"centro-oeste";356;2065042;17,24
"350";"1992";"52";"GO";"Goiás";"centro-oeste";781;4108982;19,01
"351";"1992";"53";"DF";"Distrito Federal";"centro-oeste";465;1641125;28,33
"352";"1993";"11";"RO";"Rondônia";"norte";489;1241706;39,38
"353";"1993";"12";"AC";"Acre";"norte";114;437499;26,06
"354";"1993";"13";"AM";"Amazonas";"norte";345;2217585;15,56
"355";"1993";"14";"RR";"Roraima";"norte";72;241092;29,86
"356";"1993";"15";"PA";"Pará";"norte";624;5212831;11,97
"357";"1993";"16";"AP";"Amapá";"norte";65;308792;21,05
"358";"1993";"17";"TO";"Tocantins";"norte";93;970206;9,59
"359";"1993";"21";"MA";"Maranhão";"nordeste";395;5088909;7,76
"360";"1993";"22";"PI";"Piauí";"nordeste";121;2657442;4,55
"361";"1993";"23";"CE";"Ceará";"nordeste";703;6549838;10,73
"362";"1993";"24";"RN";"Rio Grande do Norte";"nordeste";244;2503421;9,75
"363";"1993";"25";"PB";"Paraíba";"nordeste";357;3274408;10,9
"364";"1993";"26";"PE";"Pernambuco";"nordeste";2744;7295110;37,61
"365";"1993";"27";"AL";"Alagoas";"nordeste";619;2604393;23,77
"366";"1993";"28";"SE";"Sergipe";"nordeste";313;1551598;20,17
"367";"1993";"29";"BA";"Bahia";"nordeste";1498;12278010;12,2
"368";"1993";"31";"MG";"Minas Gerais";"sudeste";1199;16144803;7,43
"369";"1993";"32";"ES";"Espírito Santo";"sudeste";1102;2698670;40,83
"370";"1993";"33";"RJ";"Rio de Janeiro";"sudeste";5362;13065268;41,04
"371";"1993";"35";"SP";"São Paulo";"sudeste";9219;32701245;28,19
"372";"1993";"41";"PR";"Paraná";"sul";1238;8587850;14,42
"373";"1993";"42";"SC";"Santa Catarina";"sul";358;4697194;7,62
"374";"1993";"43";"RS";"Rio Grande do Sul";"sul";1168;9370552;12,46
"375";"1993";"50";"MS";"Mato Grosso do Sul";"centro-oeste";459;1850145;24,81
"376";"1993";"51";"MT";"Mato Grosso";"centro-oeste";358;2163293;16,55
"377";"1993";"52";"GO";"Goiás";"centro-oeste";697;4171509;16,71
"378";"1993";"53";"DF";"Distrito Federal";"centro-oeste";604;1673152;36,1
"379";"1994";"11";"RO";"Rondônia";"norte";397;1291201;30,75
"380";"1994";"12";"AC";"Acre";"norte";88;446473;19,71
"381";"1994";"13";"AM";"Amazonas";"norte";382;2269569;16,83
"382";"1994";"14";"RR";"Roraima";"norte";78;251792;30,98
"383";"1994";"15";"PA";"Pará";"norte";716;5332155;13,43
"384";"1994";"16";"AP";"Amapá";"norte";122;317594;38,41
"385";"1994";"17";"TO";"Tocantins";"norte";106;990753;10,7
"386";"1994";"21";"MA";"Maranhão";"nordeste";309;5160987;5,99
"387";"1994";"22";"PI";"Piauí";"nordeste";103;2691614;3,83
"388";"1994";"23";"CE";"Ceará";"nordeste";630;6633257;9,5
"389";"1994";"24";"RN";"Rio Grande do Norte";"nordeste";209;2543505;8,22
"390";"1994";"25";"PB";"Paraíba";"nordeste";388;3307528;11,73
"391";"1994";"26";"PE";"Pernambuco";"nordeste";2566;7371163;34,81
"392";"1994";"27";"AL";"Alagoas";"nordeste";616;2645421;23,29
"393";"1994";"28";"SE";"Sergipe";"nordeste";338;1578785;21,41
"394";"1994";"29";"BA";"Bahia";"nordeste";1737;12464546;13,94
"395";"1994";"31";"MG";"Minas Gerais";"sudeste";1095;16327334;6,71
"396";"1994";"32";"ES";"Espírito Santo";"sudeste";1162;2743241;42,36
"397";"1994";"33";"RJ";"Rio de Janeiro";"sudeste";6414;13182302;48,66
"398";"1994";"35";"SP";"São Paulo";"sudeste";9990;33207158;30,08
"399";"1994";"41";"PR";"Paraná";"sul";1265;8651101;14,62
"400";"1994";"42";"SC";"Santa Catarina";"sul";337;4767955;7,07
"401";"1994";"43";"RS";"Rio Grande do Sul";"sul";1331;9475775;14,05
"402";"1994";"50";"MS";"Mato Grosso do Sul";"centro-oeste";512;1881840;27,21
"403";"1994";"51";"MT";"Mato Grosso";"centro-oeste";317;2246789;14,11
"404";"1994";"52";"GO";"Goiás";"centro-oeste";735;4240736;17,33
"405";"1994";"53";"DF";"Distrito Federal";"centro-oeste";610;1705889;35,76
"406";"1995";"11";"RO";"Rondônia";"norte";327;1339506;24,41
"407";"1995";"12";"AC";"Acre";"norte";103;455253;22,62
"408";"1995";"13";"AM";"Amazonas";"norte";424;2320229;18,27
"409";"1995";"14";"RR";"Roraima";"norte";88;262194;33,56
"410";"1995";"15";"PA";"Pará";"norte";695;5448585;12,76
"411";"1995";"16";"AP";"Amapá";"norte";125;326186;38,32
"412";"1995";"17";"TO";"Tocantins";"norte";75;1006991;7,45
"413";"1995";"21";"MA";"Maranhão";"nordeste";381;5231256;7,28
"414";"1995";"22";"PI";"Piauí";"nordeste";121;2724982;4,44
"415";"1995";"23";"CE";"Ceará";"nordeste";845;6714296;12,59
"416";"1995";"24";"RN";"Rio Grande do Norte";"nordeste";249;2582305;9,64
"417";"1995";"25";"PB";"Paraíba";"nordeste";446;3339959;13,35
"418";"1995";"26";"PE";"Pernambuco";"nordeste";2699;7445215;36,25
"419";"1995";"27";"AL";"Alagoas";"nordeste";731;2685400;27,22
"420";"1995";"28";"SE";"Sergipe";"nordeste";250;1605253;15,57
"421";"1995";"29";"BA";"Bahia";"nordeste";1524;12645885;12,05
"422";"1995";"31";"MG";"Minas Gerais";"sudeste";1186;16505371;7,19
"423";"1995";"32";"ES";"Espírito Santo";"sudeste";1158;2786656;41,56
"424";"1995";"33";"RJ";"Rio de Janeiro";"sudeste";8183;13296442;61,54
"425";"1995";"35";"SP";"São Paulo";"sudeste";11566;33699405;34,32
"426";"1995";"41";"PR";"Paraná";"sul";1388;8712805;15,93
"427";"1995";"42";"SC";"Santa Catarina";"sul";404;4836588;8,35
"428";"1995";"43";"RS";"Rio Grande do Sul";"sul";1430;9578691;14,93
"429";"1995";"50";"MS";"Mato Grosso do Sul";"centro-oeste";626;1912841;32,73
"430";"1995";"51";"MT";"Mato Grosso";"centro-oeste";599;2313648;25,89
"431";"1995";"52";"GO";"Goiás";"centro-oeste";731;4308541;16,97
"432";"1995";"53";"DF";"Distrito Federal";"centro-oeste";687;1737813;39,53
"433";"1996";"11";"RO";"Rondônia";"norte";300;1229306;24,4
"434";"1996";"12";"AC";"Acre";"norte";102;483593;21,09
"435";"1996";"13";"AM";"Amazonas";"norte";448;2389279;18,75
"436";"1996";"14";"RR";"Roraima";"norte";107;247131;43,3
"437";"1996";"15";"PA";"Pará";"norte";688;5510849;12,48
"438";"1996";"16";"AP";"Amapá";"norte";164;379459;43,22
"439";"1996";"17";"TO";"Tocantins";"norte";128;1048642;12,21
"440";"1996";"21";"MA";"Maranhão";"nordeste";349;5222183;6,68
"441";"1996";"22";"PI";"Piauí";"nordeste";125;2673085;4,68
"442";"1996";"23";"CE";"Ceará";"nordeste";881;6809290;12,94
"443";"1996";"24";"RN";"Rio Grande do Norte";"nordeste";237;2558660;9,26
"444";"1996";"25";"PB";"Paraíba";"nordeste";626;3305616;18,94
"445";"1996";"26";"PE";"Pernambuco";"nordeste";3013;7399071;40,72
"446";"1996";"27";"AL";"Alagoas";"nordeste";740;2633251;28,1
"447";"1996";"28";"SE";"Sergipe";"nordeste";233;1624020;14,35
"448";"1996";"29";"BA";"Bahia";"nordeste";1866;12541675;14,88
"449";"1996";"31";"MG";"Minas Gerais";"sudeste";1225;16672613;7,35
"450";"1996";"32";"ES";"Espírito Santo";"sudeste";1199;2802707;42,78
"451";"1996";"33";"RJ";"Rio de Janeiro";"sudeste";8049;13406308;60,04
"452";"1996";"35";"SP";"São Paulo";"sudeste";12350;34119110;36,2
"453";"1996";"41";"PR";"Paraná";"sul";1373;9003804;15,25
"454";"1996";"42";"SC";"Santa Catarina";"sul";404;4875244;8,29
"455";"1996";"43";"RS";"Rio Grande do Sul";"sul";1466;9634688;15,22
"456";"1996";"50";"MS";"Mato Grosso do Sul";"centro-oeste";727;1927834;37,71
"457";"1996";"51";"MT";"Mato Grosso";"centro-oeste";654;2235832;29,25
"458";"1996";"52";"GO";"Goiás";"centro-oeste";705;4514967;15,61
"459";"1996";"53";"DF";"Distrito Federal";"centro-oeste";698;1821946;38,31
"460";"1997";"11";"RO";"Rondônia";"norte";354;1255538;28,2
"461";"1997";"12";"AC";"Acre";"norte";100;500198;19,99
"462";"1997";"13";"AM";"Amazonas";"norte";466;2460606;18,94
"463";"1997";"14";"RR";"Roraima";"norte";90;254498;35,36
"464";"1997";"15";"PA";"Pará";"norte";746;5650708;13,2
"465";"1997";"16";"AP";"Amapá";"norte";137;401906;34,09
"466";"1997";"17";"TO";"Tocantins";"norte";121;1080749;11,2
"467";"1997";"21";"MA";"Maranhão";"nordeste";319;5295442;6,02
"468";"1997";"22";"PI";"Piauí";"nordeste";153;2695950;5,68
"469";"1997";"23";"CE";"Ceará";"nordeste";1021;6920307;14,75
"470";"1997";"24";"RN";"Rio Grande do Norte";"nordeste";236;2594306;9,1
"471";"1997";"25";"PB";"Paraíba";"nordeste";491;3331734;14,74
"472";"1997";"26";"PE";"Pernambuco";"nordeste";3693;7466811;49,46
"473";"1997";"27";"AL";"Alagoas";"nordeste";642;2663049;24,11
"474";"1997";"28";"SE";"Sergipe";"nordeste";188;1657162;11,34
"475";"1997";"29";"BA";"Bahia";"nordeste";1970;12709713;15,5
"476";"1997";"31";"MG";"Minas Gerais";"sudeste";1307;16904908;7,73
"477";"1997";"32";"ES";"Espírito Santo";"sudeste";1426;2853127;49,98
"478";"1997";"33";"RJ";"Rio de Janeiro";"sudeste";7966;13555652;58,77
"479";"1997";"35";"SP";"São Paulo";"sudeste";12552;34752122;36,12
"480";"1997";"41";"PR";"Paraná";"sul";1586;9142202;17,35
"481";"1997";"42";"SC";"Santa Catarina";"sul";415;4958310;8,37
"482";"1997";"43";"RS";"Rio Grande do Sul";"sul";1633;9762115;16,73
"483";"1997";"50";"MS";"Mato Grosso do Sul";"centro-oeste";734;1964578;37,36
"484";"1997";"51";"MT";"Mato Grosso";"centro-oeste";759;2287857;33,18
"485";"1997";"52";"GO";"Goiás";"centro-oeste";689;4639734;14,85
"486";"1997";"53";"DF";"Distrito Federal";"centro-oeste";668;1877015;35,59
"487";"1998";"11";"RO";"Rondônia";"norte";489;1276181;38,32
"488";"1998";"12";"AC";"Acre";"norte";109;514059;21,2
"489";"1998";"13";"AM";"Amazonas";"norte";536;2520694;21,26
"490";"1998";"14";"RR";"Roraima";"norte";132;260701;50,63
"491";"1998";"15";"PA";"Pará";"norte";769;5768451;13,33
"492";"1998";"16";"AP";"Amapá";"norte";163;420839;38,73
"493";"1998";"17";"TO";"Tocantins";"norte";134;1107806;12,1
"494";"1998";"21";"MA";"Maranhão";"nordeste";266;5356831;4,97
"495";"1998";"22";"PI";"Piauí";"nordeste";141;2714928;5,19
"496";"1998";"23";"CE";"Ceará";"nordeste";941;7013382;13,42
"497";"1998";"24";"RN";"Rio Grande do Norte";"nordeste";223;2624456;8,5
"498";"1998";"25";"PB";"Paraíba";"nordeste";419;3353609;12,49
"499";"1998";"26";"PE";"Pernambuco";"nordeste";4423;7523764;58,79
"500";"1998";"27";"AL";"Alagoas";"nordeste";585;2688112;21,76
"501";"1998";"28";"SE";"Sergipe";"nordeste";174;1684915;10,33
"502";"1998";"29";"BA";"Bahia";"nordeste";1247;12851265;9,7
"503";"1998";"31";"MG";"Minas Gerais";"sudeste";1470;17100267;8,6
"504";"1998";"32";"ES";"Espírito Santo";"sudeste";1690;2895540;58,37
"505";"1998";"33";"RJ";"Rio de Janeiro";"sudeste";7569;13681431;55,32
"506";"1998";"35";"SP";"São Paulo";"sudeste";14001;35283992;39,68
"507";"1998";"41";"PR";"Paraná";"sul";1633;9258789;17,64
"508";"1998";"42";"SC";"Santa Catarina";"sul";399;5028265;7,94
"509";"1998";"43";"RS";"Rio Grande do Sul";"sul";1514;9867088;15,34
"510";"1998";"50";"MS";"Mato Grosso do Sul";"centro-oeste";667;1995578;33,42
"511";"1998";"51";"MT";"Mato Grosso";"centro-oeste";845;2331642;36,24
"512";"1998";"52";"GO";"Goiás";"centro-oeste";624;4744193;13,15
"513";"1998";"53";"DF";"Distrito Federal";"centro-oeste";720;1923404;37,43
"514";"1999";"11";"RO";"Rondônia";"norte";434;1296832;33,47
"515";"1999";"12";"AC";"Acre";"norte";51;527926;9,66
"516";"1999";"13";"AM";"Amazonas";"norte";527;2580839;20,42
"517";"1999";"14";"RR";"Roraima";"norte";154;266914;57,7
"518";"1999";"15";"PA";"Pará";"norte";637;5886463;10,82
"519";"1999";"16";"AP";"Amapá";"norte";193;439783;43,89
"520";"1999";"17";"TO";"Tocantins";"norte";148;1134879;13,04
"521";"1999";"21";"MA";"Maranhão";"nordeste";250;5418354;4,61
"522";"1999";"22";"PI";"Piauí";"nordeste";131;2734158;4,79
"523";"1999";"23";"CE";"Ceará";"nordeste";1108;7106612;15,59
"524";"1999";"24";"RN";"Rio Grande do Norte";"nordeste";226;2654464;8,51
"525";"1999";"25";"PB";"Paraíba";"nordeste";404;3375600;11,97
"526";"1999";"26";"PE";"Pernambuco";"nordeste";4200;7580807;55,4
"527";"1999";"27";"AL";"Alagoas";"nordeste";552;2713175;20,35
"528";"1999";"28";"SE";"Sergipe";"nordeste";338;1712745;19,73
"529";"1999";"29";"BA";"Bahia";"nordeste";886;12993020;6,82
"530";"1999";"31";"MG";"Minas Gerais";"sudeste";1546;17296065;8,94
"531";"1999";"32";"ES";"Espírito Santo";"sudeste";1543;2938050;52,52
"532";"1999";"33";"RJ";"Rio de Janeiro";"sudeste";7249;13807368;52,5
"533";"1999";"35";"SP";"São Paulo";"sudeste";15810;35816704;44,14
"534";"1999";"41";"PR";"Paraná";"sul";1698;9375665;18,11
"535";"1999";"42";"SC";"Santa Catarina";"sul";381;5098440;7,47
"536";"1999";"43";"RS";"Rio Grande do Sul";"sul";1523;9971738;15,27
"537";"1999";"50";"MS";"Mato Grosso do Sul";"centro-oeste";572;2026628;28,22
"538";"1999";"51";"MT";"Mato Grosso";"centro-oeste";825;2375581;34,73
"539";"1999";"52";"GO";"Goiás";"centro-oeste";800;4848759;16,5
"540";"1999";"53";"DF";"Distrito Federal";"centro-oeste";723;1969867;36,7
"541";"2000";"11";"RO";"Rondônia";"norte";466;1379787;33,77
"542";"2000";"12";"AC";"Acre";"norte";108;557526;19,37
"543";"2000";"13";"AM";"Amazonas";"norte";559;2812557;19,88
"544";"2000";"14";"RR";"Roraima";"norte";128;324397;39,46
"545";"2000";"15";"PA";"Pará";"norte";806;6192307;13,02
"546";"2000";"16";"AP";"Amapá";"norte";155;477032;32,49
"547";"2000";"17";"TO";"Tocantins";"norte";178;1157098;15,38
"548";"2000";"21";"MA";"Maranhão";"nordeste";344;5651475;6,09
"549";"2000";"22";"PI";"Piauí";"nordeste";234;2843278;8,23
"550";"2000";"23";"CE";"Ceará";"nordeste";1229;7430661;16,54
"551";"2000";"24";"RN";"Rio Grande do Norte";"nordeste";251;2776782;9,04
"552";"2000";"25";"PB";"Paraíba";"nordeste";519;3443825;15,07
"553";"2000";"26";"PE";"Pernambuco";"nordeste";4262;7918344;53,82
"554";"2000";"27";"AL";"Alagoas";"nordeste";724;2822621;25,65
"555";"2000";"28";"SE";"Sergipe";"nordeste";416;1784475;23,31
"556";"2000";"29";"BA";"Bahia";"nordeste";1223;13070250;9,36
"557";"2000";"31";"MG";"Minas Gerais";"sudeste";2052;17891494;11,47
"558";"2000";"32";"ES";"Espírito Santo";"sudeste";1449;3097232;46,78
"559";"2000";"33";"RJ";"Rio de Janeiro";"sudeste";7337;14391282;50,98
"560";"2000";"35";"SP";"São Paulo";"sudeste";15631;37032403;42,21
"561";"2000";"41";"PR";"Paraná";"sul";1766;9563458;18,47
"562";"2000";"42";"SC";"Santa Catarina";"sul";423;5356360;7,9
"563";"2000";"43";"RS";"Rio Grande do Sul";"sul";1662;10187798;16,31
"564";"2000";"50";"MS";"Mato Grosso do Sul";"centro-oeste";644;2078001;30,99
"565";"2000";"51";"MT";"Mato Grosso";"centro-oeste";996;2504353;39,77
"566";"2000";"52";"GO";"Goiás";"centro-oeste";1008;5003228;20,15
"567";"2000";"53";"DF";"Distrito Federal";"centro-oeste";770;2051146;37,54
"568";"2001";"11";"RO";"Rondônia";"norte";565;1407878;40,13
"569";"2001";"12";"AC";"Acre";"norte";122;574366;21,24
"570";"2001";"13";"AM";"Amazonas";"norte";478;2900218;16,48
"571";"2001";"14";"RR";"Roraima";"norte";107;337253;31,73
"572";"2001";"15";"PA";"Pará";"norte";955;6341711;15,06
"573";"2001";"16";"AP";"Amapá";"norte";184;498735;36,89
"574";"2001";"17";"TO";"Tocantins";"norte";221;1184855;18,65
"575";"2001";"21";"MA";"Maranhão";"nordeste";536;5730432;9,35
"576";"2001";"22";"PI";"Piauí";"nordeste";279;2872983;9,71
"577";"2001";"23";"CE";"Ceará";"nordeste";1298;7547684;17,2
"578";"2001";"24";"RN";"Rio Grande do Norte";"nordeste";316;2815203;11,22
"579";"2001";"25";"PB";"Paraíba";"nordeste";490;3468534;14,13
"580";"2001";"26";"PE";"Pernambuco";"nordeste";4685;8008255;58,5
"581";"2001";"27";"AL";"Alagoas";"nordeste";836;2856563;29,27
"582";"2001";"28";"SE";"Sergipe";"nordeste";532;1817318;29,27
"583";"2001";"29";"BA";"Bahia";"nordeste";1573;13214146;11,9
"584";"2001";"31";"MG";"Minas Gerais";"sudeste";2343;18127024;12,93
"585";"2001";"32";"ES";"Espírito Santo";"sudeste";1472;3155048;46,66
"586";"2001";"33";"RJ";"Rio de Janeiro";"sudeste";7352;14558561;50,5
"587";"2001";"35";"SP";"São Paulo";"sudeste";15745;37630105;41,84
"588";"2001";"41";"PR";"Paraná";"sul";2039;9694769;21,03
"589";"2001";"42";"SC";"Santa Catarina";"sul";458;5448702;8,41
"590";"2001";"43";"RS";"Rio Grande do Sul";"sul";1848;10310021;17,92
"591";"2001";"50";"MS";"Mato Grosso do Sul";"centro-oeste";619;2111030;29,32
"592";"2001";"51";"MT";"Mato Grosso";"centro-oeste";986;2560537;38,51
"593";"2001";"52";"GO";"Goiás";"centro-oeste";1087;5116395;21,25
"594";"2001";"53";"DF";"Distrito Federal";"centro-oeste";773;2097450;36,85
"595";"2002";"11";"RO";"Rondônia";"norte";606;1431776;42,33
"596";"2002";"12";"AC";"Acre";"norte";151;586945;25,73
"597";"2002";"13";"AM";"Amazonas";"norte";512;2961804;17,29
"598";"2002";"14";"RR";"Roraima";"norte";121;346866;34,88
"599";"2002";"15";"PA";"Pará";"norte";1186;6453699;18,38
"600";"2002";"16";"AP";"Amapá";"norte";181;516514;35,04
"601";"2002";"17";"TO";"Tocantins";"norte";180;1207008;14,91
"602";"2002";"21";"MA";"Maranhão";"nordeste";576;5803283;9,93
"603";"2002";"22";"PI";"Piauí";"nordeste";315;2898191;10,87
"604";"2002";"23";"CE";"Ceará";"nordeste";1443;7654540;18,85
"605";"2002";"24";"RN";"Rio Grande do Norte";"nordeste";301;2852800;10,55
"606";"2002";"25";"PB";"Paraíba";"nordeste";608;3494965;17,4
"607";"2002";"26";"PE";"Pernambuco";"nordeste";4431;8084722;54,81
"608";"2002";"27";"AL";"Alagoas";"nordeste";989;2887526;34,25
"609";"2002";"28";"SE";"Sergipe";"nordeste";549;1846042;29,74
"610";"2002";"29";"BA";"Bahia";"nordeste";1735;13323150;13,02
"611";"2002";"31";"MG";"Minas Gerais";"sudeste";2977;18343518;16,23
"612";"2002";"32";"ES";"Espírito Santo";"sudeste";1639;3201712;51,19
"613";"2002";"33";"RJ";"Rio de Janeiro";"sudeste";8321;14724479;56,51
"614";"2002";"35";"SP";"São Paulo";"sudeste";14494;38177734;37,96
"615";"2002";"41";"PR";"Paraná";"sul";2226;9797965;22,72
"616";"2002";"42";"SC";"Santa Catarina";"sul";572;5527718;10,35
"617";"2002";"43";"RS";"Rio Grande do Sul";"sul";1904;10408428;18,29
"618";"2002";"50";"MS";"Mato Grosso do Sul";"centro-oeste";694;2140620;32,42
"619";"2002";"51";"MT";"Mato Grosso";"centro-oeste";963;2604723;36,97
"620";"2002";"52";"GO";"Goiás";"centro-oeste";1275;5210366;24,47
"621";"2002";"53";"DF";"Distrito Federal";"centro-oeste";744;2145838;34,67
"622";"2003";"11";"RO";"Rondônia";"norte";556;1455914;38,19
"623";"2003";"12";"AC";"Acre";"norte";137;600607;22,81
"624";"2003";"13";"AM";"Amazonas";"norte";558;3031079;18,41
"625";"2003";"14";"RR";"Roraima";"norte";106;357296;29,67
"626";"2003";"15";"PA";"Pará";"norte";1405;6574990;21,37
"627";"2003";"16";"AP";"Amapá";"norte";188;534821;35,15
"628";"2003";"17";"TO";"Tocantins";"norte";209;1230188;16,99
"629";"2003";"21";"MA";"Maranhão";"nordeste";798;5873646;13,59
"630";"2003";"22";"PI";"Piauí";"nordeste";307;2923695;10,5
"631";"2003";"23";"CE";"Ceará";"nordeste";1572;7758437;20,26
"632";"2003";"24";"RN";"Rio Grande do Norte";"nordeste";412;2888087;14,27
"633";"2003";"25";"PB";"Paraíba";"nordeste";606;3518607;17,22
"634";"2003";"26";"PE";"Pernambuco";"nordeste";4446;8161828;54,47
"635";"2003";"27";"AL";"Alagoas";"nordeste";1043;2917678;35,75
"636";"2003";"28";"SE";"Sergipe";"nordeste";471;1874597;25,13
"637";"2003";"29";"BA";"Bahia";"nordeste";2146;13440544;15,97
"638";"2003";"31";"MG";"Minas Gerais";"sudeste";3860;18553335;20,8
"639";"2003";"32";"ES";"Espírito Santo";"sudeste";1629;3250205;50,12
"640";"2003";"33";"RJ";"Rio de Janeiro";"sudeste";7460;14879144;50,14
"641";"2003";"35";"SP";"São Paulo";"sudeste";13443;38709339;34,73
"642";"2003";"41";"PR";"Paraná";"sul";2545;9906812;25,69
"643";"2003";"42";"SC";"Santa Catarina";"sul";676;5607160;12,06
"644";"2003";"43";"RS";"Rio Grande do Sul";"sul";1923;10511009;18,3
"645";"2003";"50";"MS";"Mato Grosso do Sul";"centro-oeste";680;2169704;31,34
"646";"2003";"51";"MT";"Mato Grosso";"centro-oeste";890;2651313;33,57
"647";"2003";"52";"GO";"Goiás";"centro-oeste";1344;5306424;25,33
"648";"2003";"53";"DF";"Distrito Federal";"centro-oeste";742;2189792;33,88
"649";"2004";"11";"RO";"Rondônia";"norte";561;1479940;37,91
"650";"2004";"12";"AC";"Acre";"norte";114;614205;18,56
"651";"2004";"13";"AM";"Amazonas";"norte";527;3100136;17
"652";"2004";"14";"RR";"Roraima";"norte";85;367701;23,12
"653";"2004";"15";"PA";"Pará";"norte";1517;6695940;22,66
"654";"2004";"16";"AP";"Amapá";"norte";172;553100;31,1
"655";"2004";"17";"TO";"Tocantins";"norte";202;1253256;16,12
"656";"2004";"21";"MA";"Maranhão";"nordeste";734;5943807;12,35
"657";"2004";"22";"PI";"Piauí";"nordeste";338;2949133;11,46
"658";"2004";"23";"CE";"Ceará";"nordeste";1546;7862067;19,66
"659";"2004";"24";"RN";"Rio Grande do Norte";"nordeste";351;2923287;12,01
"660";"2004";"25";"PB";"Paraíba";"nordeste";662;3542167;18,69
"661";"2004";"26";"PE";"Pernambuco";"nordeste";4102;8238849;49,79
"662";"2004";"27";"AL";"Alagoas";"nordeste";1039;2947717;35,25
"663";"2004";"28";"SE";"Sergipe";"nordeste";451;1903065;23,7
"664";"2004";"29";"BA";"Bahia";"nordeste";2243;13552649;16,55
"665";"2004";"31";"MG";"Minas Gerais";"sudeste";4262;18762405;22,72
"666";"2004";"32";"ES";"Espírito Santo";"sudeste";1620;3298541;49,11
"667";"2004";"33";"RJ";"Rio de Janeiro";"sudeste";7163;15033317;47,65
"668";"2004";"35";"SP";"São Paulo";"sudeste";10880;39239362;27,73
"669";"2004";"41";"PR";"Paraná";"sul";2827;10015425;28,23
"670";"2004";"42";"SC";"Santa Catarina";"sul";656;5686503;11,54
"671";"2004";"43";"RS";"Rio Grande do Sul";"sul";1993;10613256;18,78
"672";"2004";"50";"MS";"Mato Grosso do Sul";"centro-oeste";640;2198640;29,11
"673";"2004";"51";"MT";"Mato Grosso";"centro-oeste";844;2697717;31,29
"674";"2004";"52";"GO";"Goiás";"centro-oeste";1534;5402335;28,4
"675";"2004";"53";"DF";"Distrito Federal";"centro-oeste";696;2233614;31,16
"676";"2005";"11";"RO";"Rondônia";"norte";553;1534584;36,04
"677";"2005";"12";"AC";"Acre";"norte";123;669737;18,37
"678";"2005";"13";"AM";"Amazonas";"norte";600;3232319;18,56
"679";"2005";"14";"RR";"Roraima";"norte";98;391318;25,04
"680";"2005";"15";"PA";"Pará";"norte";1924;6970591;27,6
"681";"2005";"16";"AP";"Amapá";"norte";197;594577;33,13
"682";"2005";"17";"TO";"Tocantins";"norte";192;1305708;14,7
"683";"2005";"21";"MA";"Maranhão";"nordeste";938;6103338;15,37
"684";"2005";"22";"PI";"Piauí";"nordeste";371;3006886;12,34
"685";"2005";"23";"CE";"Ceará";"nordeste";1701;8097290;21,01
"686";"2005";"24";"RN";"Rio Grande do Norte";"nordeste";411;3003040;13,69
"687";"2005";"25";"PB";"Paraíba";"nordeste";747;3595849;20,77
"688";"2005";"26";"PE";"Pernambuco";"nordeste";4256;8413601;50,58
"689";"2005";"27";"AL";"Alagoas";"nordeste";1203;3015901;39,89
"690";"2005";"28";"SE";"Sergipe";"nordeste";486;1967818;24,7
"691";"2005";"29";"BA";"Bahia";"nordeste";2830;13815260;20,48
"692";"2005";"31";"MG";"Minas Gerais";"sudeste";4216;19237434;21,92
"693";"2005";"32";"ES";"Espírito Santo";"sudeste";1604;3408360;47,06
"694";"2005";"33";"RJ";"Rio de Janeiro";"sudeste";7021;15383422;45,64
"695";"2005";"35";"SP";"São Paulo";"sudeste";8499;40442820;21,01
"696";"2005";"41";"PR";"Paraná";"sul";2984;10261840;29,08
"697";"2005";"42";"SC";"Santa Catarina";"sul";642;5866590;10,94
"698";"2005";"43";"RS";"Rio Grande do Sul";"sul";2043;10845002;18,84
"699";"2005";"50";"MS";"Mato Grosso do Sul";"centro-oeste";617;2264489;27,25
"700";"2005";"51";"MT";"Mato Grosso";"centro-oeste";885;2803272;31,57
"701";"2005";"52";"GO";"Goiás";"centro-oeste";1480;5619919;26,33
"702";"2005";"53";"DF";"Distrito Federal";"centro-oeste";657;2333109;28,16
"703";"2006";"11";"RO";"Rondônia";"norte";582;1562406;37,25
"704";"2006";"12";"AC";"Acre";"norte";157;686650;22,86
"705";"2006";"13";"AM";"Amazonas";"norte";698;3311046;21,08
"706";"2006";"14";"RR";"Roraima";"norte";110;403340;27,27
"707";"2006";"15";"PA";"Pará";"norte";2057;7110462;28,93
"708";"2006";"16";"AP";"Amapá";"norte";203;615724;32,97
"709";"2006";"17";"TO";"Tocantins";"norte";235;1332443;17,64
"710";"2006";"21";"MA";"Maranhão";"nordeste";968;6184543;15,65
"711";"2006";"22";"PI";"Piauí";"nordeste";419;3036271;13,8
"712";"2006";"23";"CE";"Ceará";"nordeste";1794;8217140;21,83
"713";"2006";"24";"RN";"Rio Grande do Norte";"nordeste";464;3043740;15,24
"714";"2006";"25";"PB";"Paraíba";"nordeste";814;3623198;22,47
"715";"2006";"26";"PE";"Pernambuco";"nordeste";4423;8502602;52,02
"716";"2006";"27";"AL";"Alagoas";"nordeste";1621;3050649;53,14
"717";"2006";"28";"SE";"Sergipe";"nordeste";590;2000768;29,49
"718";"2006";"29";"BA";"Bahia";"nordeste";3256;13950125;23,34
"719";"2006";"31";"MG";"Minas Gerais";"sudeste";4157;19479262;21,34
"720";"2006";"32";"ES";"Espírito Santo";"sudeste";1759;3464280;50,78
"721";"2006";"33";"RJ";"Rio de Janeiro";"sudeste";6802;15561720;43,71
"722";"2006";"35";"SP";"São Paulo";"sudeste";8255;41055761;20,11
"723";"2006";"41";"PR";"Paraná";"sul";3077;10387408;29,62
"724";"2006";"42";"SC";"Santa Catarina";"sul";674;5958295;11,31
"725";"2006";"43";"RS";"Rio Grande do Sul";"sul";1999;10963216;18,23
"726";"2006";"50";"MS";"Mato Grosso do Sul";"centro-oeste";684;2297994;29,77
"727";"2006";"51";"MT";"Mato Grosso";"centro-oeste";892;2857024;31,22
"728";"2006";"52";"GO";"Goiás";"centro-oeste";1507;5730762;26,3
"729";"2006";"53";"DF";"Distrito Federal";"centro-oeste";660;2383784;27,69
"730";"2007";"11";"RO";"Rondônia";"norte";431;1590027;27,11
"731";"2007";"12";"AC";"Acre";"norte";137;703447;19,48
"732";"2007";"13";"AM";"Amazonas";"norte";714;3389081;21,07
"733";"2007";"14";"RR";"Roraima";"norte";116;415281;27,93
"734";"2007";"15";"PA";"Pará";"norte";2177;7249184;30,03
"735";"2007";"16";"AP";"Amapá";"norte";174;636652;27,33
"736";"2007";"17";"TO";"Tocantins";"norte";228;1358889;16,78
"737";"2007";"21";"MA";"Maranhão";"nordeste";1128;6265102;18
"738";"2007";"22";"PI";"Piauí";"nordeste";380;3065488;12,4
"739";"2007";"23";"CE";"Ceará";"nordeste";1933;8335849;23,19
"740";"2007";"24";"RN";"Rio Grande do Norte";"nordeste";600;3084106;19,45
"741";"2007";"25";"PB";"Paraíba";"nordeste";864;3650180;23,67
"742";"2007";"26";"PE";"Pernambuco";"nordeste";4466;8590868;51,99
"743";"2007";"27";"AL";"Alagoas";"nordeste";1828;3085053;59,25
"744";"2007";"28";"SE";"Sergipe";"nordeste";523;2033430;25,72
"745";"2007";"29";"BA";"Bahia";"nordeste";3582;14083771;25,43
"746";"2007";"31";"MG";"Minas Gerais";"sudeste";4114;19719285;20,86
"747";"2007";"32";"ES";"Espírito Santo";"sudeste";1867;3519712;53,04
"748";"2007";"33";"RJ";"Rio de Janeiro";"sudeste";6029;15738536;38,31
"749";"2007";"35";"SP";"São Paulo";"sudeste";6351;41663568;15,24
"750";"2007";"41";"PR";"Paraná";"sul";3074;10511933;29,24
"751";"2007";"42";"SC";"Santa Catarina";"sul";641;6049251;10,6
"752";"2007";"43";"RS";"Rio Grande do Sul";"sul";2211;11080317;19,95
"753";"2007";"50";"MS";"Mato Grosso do Sul";"centro-oeste";710;2331243;30,46
"754";"2007";"51";"MT";"Mato Grosso";"centro-oeste";885;2910255;30,41
"755";"2007";"52";"GO";"Goiás";"centro-oeste";1504;5840650;25,75
"756";"2007";"53";"DF";"Distrito Federal";"centro-oeste";711;2434033;29,21
"757";"2008";"11";"RO";"Rondônia";"norte";468;1493566;31,33
"758";"2008";"12";"AC";"Acre";"norte";133;680073;19,56
"759";"2008";"13";"AM";"Amazonas";"norte";831;3341096;24,87
"760";"2008";"14";"RR";"Roraima";"norte";103;412783;24,95
"761";"2008";"15";"PA";"Pará";"norte";2838;7321493;38,76
"762";"2008";"16";"AP";"Amapá";"norte";210;613164;34,25
"763";"2008";"17";"TO";"Tocantins";"norte";248;1280509;19,37
"764";"2008";"21";"MA";"Maranhão";"nordeste";1276;6305539;20,24
"765";"2008";"22";"PI";"Piauí";"nordeste";362;3119697;11,6
"766";"2008";"23";"CE";"Ceará";"nordeste";2024;8450527;23,95
"767";"2008";"24";"RN";"Rio Grande do Norte";"nordeste";729;3106430;23,47
"768";"2008";"25";"PB";"Paraíba";"nordeste";1030;3742606;27,52
"769";"2008";"26";"PE";"Pernambuco";"nordeste";4351;8734194;49,82
"770";"2008";"27";"AL";"Alagoas";"nordeste";1889;3127557;60,4
"771";"2008";"28";"SE";"Sergipe";"nordeste";554;1999374;27,71
"772";"2008";"29";"BA";"Bahia";"nordeste";4651;14502575;32,07
"773";"2008";"31";"MG";"Minas Gerais";"sudeste";3862;19850072;19,46
"774";"2008";"32";"ES";"Espírito Santo";"sudeste";1930;3453648;55,88
"775";"2008";"33";"RJ";"Rio de Janeiro";"sudeste";5181;15872362;32,64
"776";"2008";"35";"SP";"São Paulo";"sudeste";6238;41011635;15,21
"777";"2008";"41";"PR";"Paraná";"sul";3373;10590169;31,85
"778";"2008";"42";"SC";"Santa Catarina";"sul";813;6052587;13,43
"779";"2008";"43";"RS";"Rio Grande do Sul";"sul";2397;10855214;22,08
"780";"2008";"50";"MS";"Mato Grosso do Sul";"centro-oeste";698;2336058;29,88
"781";"2008";"51";"MT";"Mato Grosso";"centro-oeste";929;2957732;31,41
"782";"2008";"52";"GO";"Goiás";"centro-oeste";1776;5844996;30,38
"783";"2008";"53";"DF";"Distrito Federal";"centro-oeste";812;2557158;31,75
"784";"2009";"11";"RO";"Rondônia";"norte";527;1503911;35,04
"785";"2009";"12";"AC";"Acre";"norte";153;691169;22,14
"786";"2009";"13";"AM";"Amazonas";"norte";917;3393357;27,02
"787";"2009";"14";"RR";"Roraima";"norte";118;421497;28
"788";"2009";"15";"PA";"Pará";"norte";2973;7431041;40,01
"789";"2009";"16";"AP";"Amapá";"norte";190;626607;30,32
"790";"2009";"17";"TO";"Tocantins";"norte";290;1292063;22,44
"791";"2009";"21";"MA";"Maranhão";"nordeste";1399;6367111;21,97
"792";"2009";"22";"PI";"Piauí";"nordeste";388;3145164;12,34
"793";"2009";"23";"CE";"Ceará";"nordeste";2165;8547750;25,33
"794";"2009";"24";"RN";"Rio Grande do Norte";"nordeste";806;3137646;25,69
"795";"2009";"25";"PB";"Paraíba";"nordeste";1257;3769954;33,34
"796";"2009";"26";"PE";"Pernambuco";"nordeste";3896;8810318;44,22
"797";"2009";"27";"AL";"Alagoas";"nordeste";1876;3156101;59,44
"798";"2009";"28";"SE";"Sergipe";"nordeste";648;2019755;32,08
"799";"2009";"29";"BA";"Bahia";"nordeste";5279;14637500;36,06
"800";"2009";"31";"MG";"Minas Gerais";"sudeste";3714;20034068;18,54
"801";"2009";"32";"ES";"Espírito Santo";"sudeste";1970;3487094;56,49
"802";"2009";"33";"RJ";"Rio de Janeiro";"sudeste";4929;16010386;30,79
"803";"2009";"35";"SP";"São Paulo";"sudeste";6401;41384089;15,47
"804";"2009";"41";"PR";"Paraná";"sul";3629;10686228;33,96
"805";"2009";"42";"SC";"Santa Catarina";"sul";825;6118727;13,48
"806";"2009";"43";"RS";"Rio Grande do Sul";"sul";2257;10914042;20,68
"807";"2009";"50";"MS";"Mato Grosso do Sul";"centro-oeste";725;2360550;30,71
"808";"2009";"51";"MT";"Mato Grosso";"centro-oeste";990;3001725;32,98
"809";"2009";"52";"GO";"Goiás";"centro-oeste";1873;5926308;31,6
"810";"2009";"53";"DF";"Distrito Federal";"centro-oeste";882;2606884;33,83
"811";"2010";"11";"RO";"Rondônia";"norte";534;1562409;34,18
"812";"2010";"12";"AC";"Acre";"norte";165;733559;22,49
"813";"2010";"13";"AM";"Amazonas";"norte";1082;3483985;31,06
"814";"2010";"14";"RR";"Roraima";"norte";121;450479;26,86
"815";"2010";"15";"PA";"Pará";"norte";3497;7581051;46,13
"816";"2010";"16";"AP";"Amapá";"norte";260;669526;38,83
"817";"2010";"17";"TO";"Tocantins";"norte";324;1383445;23,42
"818";"2010";"21";"MA";"Maranhão";"nordeste";1514;6574789;23,03
"819";"2010";"22";"PI";"Piauí";"nordeste";404;3118360;12,96
"820";"2010";"23";"CE";"Ceará";"nordeste";2687;8452381;31,79
"821";"2010";"24";"RN";"Rio Grande do Norte";"nordeste";809;3168027;25,54
"822";"2010";"25";"PB";"Paraíba";"nordeste";1448;3766528;38,44
"823";"2010";"26";"PE";"Pernambuco";"nordeste";3419;8796448;38,87
"824";"2010";"27";"AL";"Alagoas";"nordeste";2087;3120494;66,88
"825";"2010";"28";"SE";"Sergipe";"nordeste";666;2068017;32,2
"826";"2010";"29";"BA";"Bahia";"nordeste";5677;14016906;40,5
"827";"2010";"31";"MG";"Minas Gerais";"sudeste";3606;19597330;18,4
"828";"2010";"32";"ES";"Espírito Santo";"sudeste";1787;3514952;50,84
"829";"2010";"33";"RJ";"Rio de Janeiro";"sudeste";5200;15989929;32,52
"830";"2010";"35";"SP";"São Paulo";"sudeste";5902;41262199;14,3
"831";"2010";"41";"PR";"Paraná";"sul";3501;10444526;33,52
"832";"2010";"42";"SC";"Santa Catarina";"sul";821;6248436;13,14
"833";"2010";"43";"RS";"Rio Grande do Sul";"sul";2084;10693929;19,49
"834";"2010";"50";"MS";"Mato Grosso do Sul";"centro-oeste";655;2449024;26,75
"835";"2010";"51";"MT";"Mato Grosso";"centro-oeste";958;3035122;31,56
"836";"2010";"52";"GO";"Goiás";"centro-oeste";1942;6003788;32,35
"837";"2010";"53";"DF";"Distrito Federal";"centro-oeste";786;2570160;30,58
"838";"2011";"11";"RO";"Rondônia";"norte";442;1576455;28,04
"839";"2011";"12";"AC";"Acre";"norte";164;746386;21,97
"840";"2011";"13";"AM";"Amazonas";"norte";1291;3538387;36,49
"841";"2011";"14";"RR";"Roraima";"norte";94;460165;20,43
"842";"2011";"15";"PA";"Pará";"norte";3050;7688593;39,67
"843";"2011";"16";"AP";"Amapá";"norte";209;684309;30,54
"844";"2011";"17";"TO";"Tocantins";"norte";358;1400892;25,56
"845";"2011";"21";"MA";"Maranhão";"nordeste";1586;6645761;23,86
"846";"2011";"22";"PI";"Piauí";"nordeste";436;3140328;13,88
"847";"2011";"23";"CE";"Ceará";"nordeste";2791;8530155;32,72
"848";"2011";"24";"RN";"Rio Grande do Norte";"nordeste";1053;3198657;32,92
"849";"2011";"25";"PB";"Paraíba";"nordeste";1608;3791315;42,41
"850";"2011";"26";"PE";"Pernambuco";"nordeste";3389;8864906;38,23
"851";"2011";"27";"AL";"Alagoas";"nordeste";2243;3143384;71,36
"852";"2011";"28";"SE";"Sergipe";"nordeste";713;2089819;34,12
"853";"2011";"29";"BA";"Bahia";"nordeste";5389;14097534;38,23
"854";"2011";"31";"MG";"Minas Gerais";"sudeste";4211;19728701;21,34
"855";"2011";"32";"ES";"Espírito Santo";"sudeste";1671;3547055;47,11
"856";"2011";"33";"RJ";"Rio de Janeiro";"sudeste";4410;16112678;27,37
"857";"2011";"35";"SP";"São Paulo";"sudeste";5703;41587182;13,71
"858";"2011";"41";"PR";"Paraná";"sul";3282;10512349;31,22
"859";"2011";"42";"SC";"Santa Catarina";"sul";810;6317054;12,82
"860";"2011";"43";"RS";"Rio Grande do Sul";"sul";2076;10733030;19,34
"861";"2011";"50";"MS";"Mato Grosso do Sul";"centro-oeste";673;2477542;27,16
"862";"2011";"51";"MT";"Mato Grosso";"centro-oeste";998;3075936;32,45
"863";"2011";"52";"GO";"Goiás";"centro-oeste";2231;6080716;36,69
"864";"2011";"53";"DF";"Distrito Federal";"centro-oeste";902;2609998;34,56
"865";"2012";"11";"RO";"Rondônia";"norte";518;1590011;32,58
"866";"2012";"12";"AC";"Acre";"norte";207;758786;27,28
"867";"2012";"13";"AM";"Amazonas";"norte";1344;3590985;37,43
"868";"2012";"14";"RR";"Roraima";"norte";144;469524;30,67
"869";"2012";"15";"PA";"Pará";"norte";3220;7822205;41,16
"870";"2012";"16";"AP";"Amapá";"norte";252;698602;36,07
"871";"2012";"17";"TO";"Tocantins";"norte";369;1417694;26,03
"872";"2012";"21";"MA";"Maranhão";"nordeste";1769;6714314;26,35
"873";"2012";"22";"PI";"Piauí";"nordeste";522;3160748;16,52
"874";"2012";"23";"CE";"Ceará";"nordeste";3840;8606005;44,62
"875";"2012";"24";"RN";"Rio Grande do Norte";"nordeste";1124;3228198;34,82
"876";"2012";"25";"PB";"Paraíba";"nordeste";1507;3815171;39,5
"877";"2012";"26";"PE";"Pernambuco";"nordeste";3245;8931028;36,33
"878";"2012";"27";"AL";"Alagoas";"nordeste";2046;3165472;64,63
"879";"2012";"28";"SE";"Sergipe";"nordeste";857;2110867;40,6
"880";"2012";"29";"BA";"Bahia";"nordeste";5964;14175341;42,07
"881";"2012";"31";"MG";"Minas Gerais";"sudeste";4487;19855332;22,6
"882";"2012";"32";"ES";"Espírito Santo";"sudeste";1660;3578067;46,39
"883";"2012";"33";"RJ";"Rio de Janeiro";"sudeste";4364;16231365;26,89
"884";"2012";"35";"SP";"São Paulo";"sudeste";6404;41901219;15,28
"885";"2012";"41";"PR";"Paraná";"sul";3395;10577755;32,1
"886";"2012";"42";"SC";"Santa Catarina";"sul";819;6383286;12,83
"887";"2012";"43";"RS";"Rio Grande do Sul";"sul";2382;10770603;22,12
"888";"2012";"50";"MS";"Mato Grosso do Sul";"centro-oeste";682;2505088;27,22
"889";"2012";"51";"MT";"Mato Grosso";"centro-oeste";1064;3115336;34,15
"890";"2012";"52";"GO";"Goiás";"centro-oeste";2750;6154996;44,68
"891";"2012";"53";"DF";"Distrito Federal";"centro-oeste";954;2648532;36,02
"892";"2013";"11";"RO";"Rondônia";"norte";476;1728214;27,54
"893";"2013";"12";"AC";"Acre";"norte";234;776463;30,14
"894";"2013";"13";"AM";"Amazonas";"norte";1189;3807921;31,22
"895";"2013";"14";"RR";"Roraima";"norte";214;488072;43,85
"896";"2013";"15";"PA";"Pará";"norte";3377;7999729;42,21
"897";"2013";"16";"AP";"Amapá";"norte";225;734996;30,61
"898";"2013";"17";"TO";"Tocantins";"norte";345;1478164;23,34
"899";"2013";"21";"MA";"Maranhão";"nordeste";2145;6794301;31,57
"900";"2013";"22";"PI";"Piauí";"nordeste";593;3184166;18,62
"901";"2013";"23";"CE";"Ceará";"nordeste";4472;8778576;50,94
"902";"2013";"24";"RN";"Rio Grande do Norte";"nordeste";1447;3373959;42,89
"903";"2013";"25";"PB";"Paraíba";"nordeste";1529;3914421;39,06
"904";"2013";"26";"PE";"Pernambuco";"nordeste";3067;9208550;33,31
"905";"2013";"27";"AL";"Alagoas";"nordeste";2148;3300935;65,07
"906";"2013";"28";"SE";"Sergipe";"nordeste";945;2195662;43,04
"907";"2013";"29";"BA";"Bahia";"nordeste";5537;15044137;36,81
"908";"2013";"31";"MG";"Minas Gerais";"sudeste";4648;20593356;22,57
"909";"2013";"32";"ES";"Espírito Santo";"sudeste";1617;3839366;42,12
"910";"2013";"33";"RJ";"Rio de Janeiro";"sudeste";4737;16369179;28,94
"911";"2013";"35";"SP";"São Paulo";"sudeste";5892;43663669;13,49
"912";"2013";"41";"PR";"Paraná";"sul";2861;10997465;26,02
"913";"2013";"42";"SC";"Santa Catarina";"sul";784;6634254;11,82
"914";"2013";"43";"RS";"Rio Grande do Sul";"sul";2321;11164043;20,79
"915";"2013";"50";"MS";"Mato Grosso do Sul";"centro-oeste";621;2587269;24
"916";"2013";"51";"MT";"Mato Grosso";"centro-oeste";1149;3182113;36,11
"917";"2013";"52";"GO";"Goiás";"centro-oeste";2888;6434048;44,89
"918";"2013";"53";"DF";"Distrito Federal";"centro-oeste";837;2789761;30
"919";"2014";"11";"RO";"Rondônia";"norte";572;1748531;32,71
"920";"2014";"12";"AC";"Acre";"norte";232;790101;29,36
"921";"2014";"13";"AM";"Amazonas";"norte";1232;3873743;31,8
"922";"2014";"14";"RR";"Roraima";"norte";158;496936;31,79
"923";"2014";"15";"PA";"Pará";"norte";3429;8104880;42,31
"924";"2014";"16";"AP";"Amapá";"norte";256;750912;34,09
"925";"2014";"17";"TO";"Tocantins";"norte";373;1496880;24,92
"926";"2014";"21";"MA";"Maranhão";"nordeste";2446;6850884;35,7
"927";"2014";"22";"PI";"Piauí";"nordeste";710;3194718;22,22
"928";"2014";"23";"CE";"Ceará";"nordeste";4626;8842791;52,31
"929";"2014";"24";"RN";"Rio Grande do Norte";"nordeste";1602;3408510;47
"930";"2014";"25";"PB";"Paraíba";"nordeste";1529;3943885;38,77
"931";"2014";"26";"PE";"Pernambuco";"nordeste";3298;9277727;35,55
"932";"2014";"27";"AL";"Alagoas";"nordeste";2085;3321730;62,77
"933";"2014";"28";"SE";"Sergipe";"nordeste";1081;2219574;48,7
"934";"2014";"29";"BA";"Bahia";"nordeste";5881;15126371;38,88
"935";"2014";"31";"MG";"Minas Gerais";"sudeste";4664;20734097;22,49
"936";"2014";"32";"ES";"Espírito Santo";"sudeste";1609;3885049;41,42
"937";"2014";"33";"RJ";"Rio de Janeiro";"sudeste";5296;16461173;32,17
"938";"2014";"35";"SP";"São Paulo";"sudeste";6036;44035304;13,71
"939";"2014";"41";"PR";"Paraná";"sul";2932;11081692;26,46
"940";"2014";"42";"SC";"Santa Catarina";"sul";896;6727148;13,32
"941";"2014";"43";"RS";"Rio Grande do Sul";"sul";2723;11207274;24,3
"942";"2014";"50";"MS";"Mato Grosso do Sul";"centro-oeste";699;2619657;26,68
"943";"2014";"51";"MT";"Mato Grosso";"centro-oeste";1353;3224357;41,96
"944";"2014";"52";"GO";"Goiás";"centro-oeste";2815;6523222;43,15
"945";"2014";"53";"DF";"Distrito Federal";"centro-oeste";843;2852372;29,55
"946";"2015";"11";"RO";"Rondônia";"norte";592;1768204;33,48
"947";"2015";"12";"AC";"Acre";"norte";217;803513;27,01
"948";"2015";"13";"AM";"Amazonas";"norte";1472;3938336;37,38
"949";"2015";"14";"RR";"Roraima";"norte";203;505665;40,15
"950";"2015";"15";"PA";"Pará";"norte";3661;8206923;44,61
"951";"2015";"16";"AP";"Amapá";"norte";293;766679;38,22
"952";"2015";"17";"TO";"Tocantins";"norte";492;1515126;32,47
"953";"2015";"21";"MA";"Maranhão";"nordeste";2424;6904241;35,11
"954";"2015";"22";"PI";"Piauí";"nordeste";645;3204028;20,13
"955";"2015";"23";"CE";"Ceará";"nordeste";4162;8904459;46,74
"956";"2015";"24";"RN";"Rio Grande do Norte";"nordeste";1545;3442175;44,88
"957";"2015";"25";"PB";"Paraíba";"nordeste";1511;3972202;38,04
"958";"2015";"26";"PE";"Pernambuco";"nordeste";3776;9345173;40,41
"959";"2015";"27";"AL";"Alagoas";"nordeste";1747;3340932;52,29
"960";"2015";"28";"SE";"Sergipe";"nordeste";1293;2242937;57,65
"961";"2015";"29";"BA";"Bahia";"nordeste";5902;15203934;38,82
"962";"2015";"31";"MG";"Minas Gerais";"sudeste";4489;20869101;21,51
"963";"2015";"32";"ES";"Espírito Santo";"sudeste";1448;3929911;36,85
"964";"2015";"33";"RJ";"Rio de Janeiro";"sudeste";4784;16550024;28,91
"965";"2015";"35";"SP";"São Paulo";"sudeste";5305;44396484;11,95
"966";"2015";"41";"PR";"Paraná";"sul";2899;11163018;25,97
"967";"2015";"42";"SC";"Santa Catarina";"sul";942;6819190;13,81
"968";"2015";"43";"RS";"Rio Grande do Sul";"sul";2944;11247972;26,17
"969";"2015";"50";"MS";"Mato Grosso do Sul";"centro-oeste";634;2651235;23,91
"970";"2015";"51";"MT";"Mato Grosso";"centro-oeste";1198;3265486;36,69
"971";"2015";"52";"GO";"Goiás";"centro-oeste";2938;6610681;44,44
"972";"2015";"53";"DF";"Distrito Federal";"centro-oeste";742;2914830;25,46
"973";"2016";"11";"RO";"Rondônia";"norte";689;1787279;38,55
"974";"2016";"12";"AC";"Acre";"norte";363;816687;44,45
"975";"2016";"13";"AM";"Amazonas";"norte";1447;4001667;36,16
"976";"2016";"14";"RR";"Roraima";"norte";204;514229;39,67
"977";"2016";"15";"PA";"Pará";"norte";4207;8305359;50,65
"978";"2016";"16";"AP";"Amapá";"norte";381;782295;48,7
"979";"2016";"17";"TO";"Tocantins";"norte";566;1532902;36,92
"980";"2016";"21";"MA";"Maranhão";"nordeste";2381;6954036;34,24
"981";"2016";"22";"PI";"Piauí";"nordeste";698;3212180;21,73
"982";"2016";"23";"CE";"Ceará";"nordeste";3642;8963663;40,63
"983";"2016";"24";"RN";"Rio Grande do Norte";"nordeste";1854;3474998;53,35
"984";"2016";"25";"PB";"Paraíba";"nordeste";1342;3999415;33,55
"985";"2016";"26";"PE";"Pernambuco";"nordeste";4352;9410336;46,25
"986";"2016";"27";"AL";"Alagoas";"nordeste";1820;3358963;54,18
"987";"2016";"28";"SE";"Sergipe";"nordeste";1454;2265779;64,17
"988";"2016";"29";"BA";"Bahia";"nordeste";7061;15276566;46,22
"989";"2016";"31";"MG";"Minas Gerais";"sudeste";4573;20997560;21,78
"990";"2016";"32";"ES";"Espírito Santo";"sudeste";1266;3973697;31,86
"991";"2016";"33";"RJ";"Rio de Janeiro";"sudeste";5659;16635996;34,02
"992";"2016";"35";"SP";"São Paulo";"sudeste";4755;44749699;10,63
"993";"2016";"41";"PR";"Paraná";"sul";3035;11242720;27
"994";"2016";"42";"SC";"Santa Catarina";"sul";974;6910553;14,09
"995";"2016";"43";"RS";"Rio Grande do Sul";"sul";3225;11286500;28,57
"996";"2016";"50";"MS";"Mato Grosso do Sul";"centro-oeste";670;2682386;24,98
"997";"2016";"51";"MT";"Mato Grosso";"centro-oeste";1175;3305531;35,55
"998";"2016";"52";"GO";"Goiás";"centro-oeste";2968;6695855;44,33
"999";"2016";"53";"DF";"Distrito Federal";"centro-oeste";760;2977216;25,53
"1000";"2017";"11";"RO";"Rondônia";"norte";550;1805788;30,46
"1001";"2017";"12";"AC";"Acre";"norte";516;829619;62,2
"1002";"2017";"13";"AM";"Amazonas";"norte";1671;4063614;41,12
"1003";"2017";"14";"RR";"Roraima";"norte";248;522636;47,45
"1004";"2017";"15";"PA";"Pará";"norte";4550;8366628;54,38
"1005";"2017";"16";"AP";"Amapá";"norte";383;797722;48,01
"1006";"2017";"17";"TO";"Tocantins";"norte";552;1550194;35,61
"1007";"2017";"21";"MA";"Maranhão";"nordeste";2159;7000229;30,84
"1008";"2017";"22";"PI";"Piauí";"nordeste";622;3219257;19,32
"1009";"2017";"23";"CE";"Ceará";"nordeste";5432;9020460;60,22
"1010";"2017";"24";"RN";"Rio Grande do Norte";"nordeste";2203;3507003;62,82
"1011";"2017";"25";"PB";"Paraíba";"nordeste";1341;4025558;33,31
"1012";"2017";"26";"PE";"Pernambuco";"nordeste";5320;9473266;56,16
"1013";"2017";"27";"AL";"Alagoas";"nordeste";1812;3375823;53,68
"1014";"2017";"28";"SE";"Sergipe";"nordeste";1309;2288116;57,21
"1015";"2017";"29";"BA";"Bahia";"nordeste";7374;15344447;48,06
"1016";"2017";"31";"MG";"Minas Gerais";"sudeste";4256;21119536;20,15
"1017";"2017";"32";"ES";"Espírito Santo";"sudeste";1521;4016356;37,87
"1018";"2017";"33";"RJ";"Rio de Janeiro";"sudeste";5976;16718956;35,74
"1019";"2017";"35";"SP";"São Paulo";"sudeste";4541;45094866;10,07
"1020";"2017";"41";"PR";"Paraná";"sul";2736;11320892;24,17
"1021";"2017";"42";"SC";"Santa Catarina";"sul";1057;7001161;15,1
"1022";"2017";"43";"RS";"Rio Grande do Sul";"sul";3316;11322895;29,29
"1023";"2017";"50";"MS";"Mato Grosso do Sul";"centro-oeste";656;2713147;24,18
"1024";"2017";"51";"MT";"Mato Grosso";"centro-oeste";1098;3344544;32,83
"1025";"2017";"52";"GO";"Goiás";"centro-oeste";2843;6778772;41,94
"1026";"2017";"53";"DF";"Distrito Federal";"centro-oeste";610;3039444;20,07
"1027";"2018";"11";"RO";"Rondônia";"norte";470;1757589;26,74
"1028";"2018";"12";"AC";"Acre";"norte";408;869265;46,94
"1029";"2018";"13";"AM";"Amazonas";"norte";1540;4080611;37,74
"1030";"2018";"14";"RR";"Roraima";"norte";414;576568;71,8
"1031";"2018";"15";"PA";"Pará";"norte";4494;8513497;52,79
"1032";"2018";"16";"AP";"Amapá";"norte";426;829494;51,36
"1033";"2018";"17";"TO";"Tocantins";"norte";562;1555229;36,14
"1034";"2018";"21";"MA";"Maranhão";"nordeste";1970;7035055;28
"1035";"2018";"22";"PI";"Piauí";"nordeste";604;3264531;18,5
"1036";"2018";"23";"CE";"Ceará";"nordeste";4900;9075649;53,99
"1037";"2018";"24";"RN";"Rio Grande do Norte";"nordeste";1824;3479010;52,43
"1038";"2018";"25";"PB";"Paraíba";"nordeste";1240;3996496;31,03
"1039";"2018";"26";"PE";"Pernambuco";"nordeste";4125;9496294;43,44
"1040";"2018";"27";"AL";"Alagoas";"nordeste";1441;3322820;43,37
"1041";"2018";"28";"SE";"Sergipe";"nordeste";1133;2278308;49,73
"1042";"2018";"29";"BA";"Bahia";"nordeste";6675;14812617;45,06
"1043";"2018";"31";"MG";"Minas Gerais";"sudeste";3325;21040662;15,8
"1044";"2018";"32";"ES";"Espírito Santo";"sudeste";1164;3972388;29,3
"1045";"2018";"33";"RJ";"Rio de Janeiro";"sudeste";6056;17159960;35,29
"1046";"2018";"35";"SP";"São Paulo";"sudeste";3646;45538936;8,01
"1047";"2018";"41";"PR";"Paraná";"sul";2409;11348937;21,23
"1048";"2018";"42";"SC";"Santa Catarina";"sul";839;7075494;11,86
"1049";"2018";"43";"RS";"Rio Grande do Sul";"sul";2699;11329605;23,82
"1050";"2018";"50";"MS";"Mato Grosso do Sul";"centro-oeste";569;2748023;20,71
"1051";"2018";"51";"MT";"Mato Grosso";"centro-oeste";985;3441998;28,62
"1052";"2018";"52";"GO";"Goiás";"centro-oeste";2635;6921161;38,07
"1053";"2018";"53";"DF";"Distrito Federal";"centro-oeste";530;2974703;17,82
